UC1: Create a Address Book Service DB

mysql> CREATE DATABASE AddressBookServices;
Query OK, 1 row affected (0.14 sec)

mysql> show databases;
+---------------------+
| Database            |
+---------------------+
| addressbookservices |
| information_schema  |
| mysql               |
| performance_schema  |
| sakila              |
| sys                 |
| world               |
+---------------------+
7 rows in set (0.24 sec)

------------------------------------------------------------------------------------------------------------

UC2: To create a Address Book Table

CREATE TABLE Contact(FirstName varchar(30), LastName varchar(30), Address varchar(50), City varchar(50), Zip int, PhoneNumber int, Email varchar(50));
Query OK, 0 rows affected (2.96 sec)

mysql> desc AddressBook;
    
+-------------+-------------+------+-----+---------+-------+
| Field       | Type        | Null | Key | Default | Extra |
+-------------+-------------+------+-----+---------+-------+
| FirstName   | varchar(30) | YES  |     | NULL    |       |
| LastName    | varchar(30) | YES  |     | NULL    |       |
| Address     | varchar(50) | YES  |     | NULL    |       |
| City        | varchar(30) | YES  |     | NULL    |       |
| State       | varchar(30) | YES  |     | NULL    |       |
| Zip         | int         | YES  |     | NULL    |       |
| PhoneNumber | int         | YES  |     | NULL    |       |
| Email       | varchar(30) | YES  |     | NULL    |       |
+-------------+-------------+------+-----+---------+-------+
8 rows in set (0.14 sec)

------------------------------------------------------------------------------------------------------------

UC3: Insert a New contact in a database

mysql> INSERT INTO addressbook VALUES("Nithya", "R", "Satchiyapuram Road", "Sivakasi", "TamilNadu", 626130, "7894562130", "nithya@gmail.com");
Query OK, 1 row affected (0.24 sec)

mysql> INSERT INTO addressbook VALUES("ABC", "A", "ABC Road", "Sivakasi", "Tamil
Nadu", 626123, "9876543210", "abc@gmail.com");
Query OK, 1 row affected (0.15 sec)

mysql> INSERT INTO addressbook VALUES("XYZ", "X", "XYZ Road", "Sivakasi", "Tamil
Nadu", 626123, "7539514560", "xyz@gmail.com");
Query OK, 1 row affected (0.18 sec)


mysql> select * from addressbook;
+-----------+----------+--------------------+----------+-----------+--------+-------------+------------------+
| FirstName | LastName | Address            | City     | State     | Zip    | PhoneNumber | Email            |
+-----------+----------+--------------------+----------+-----------+--------+-------------+------------------+
| Nithya    | R        | Satchiyapuram Road | Sivakasi | TamilNadu | 626130 | 7894562130  | nithya@gmail.com |
| ABC       | A        | ABC Road           | Sivakasi | TamilNadu | 626123 | 9876543210  | abc@gmail.com    |
| XYZ       | X        | XYZ Road           | Sivakasi | TamilNadu | 626123 | 7539514560  | xyz@gmail.com    |
+-----------+----------+--------------------+----------+-----------+--------+-------------+------------------+
3 rows in set (0.00 sec)

------------------------------------------------------------------------------------------------------------

UC4: Edit the existing contact

mysql> UPDATE addressbook SET Address="Main Road" where FirstName="XYZ";
Query OK, 1 row affected (0.13 sec)
Rows matched: 1  Changed: 1  Warnings: 0

mysql> select * from addressbook;
+-----------+----------+--------------------+----------+-----------+--------+-------------+------------------+
| FirstName | LastName | Address            | City     | State     | Zip    | PhoneNumber | Email            |
+-----------+----------+--------------------+----------+-----------+--------+-------------+------------------+
| Nithya    | R        | Satchiyapuram Road | Sivakasi | TamilNadu | 626130 | 7894562130  | nithya@gmail.com |
| ABC       | A        | ABC Road           | Sivakasi | TamilNadu | 626123 | 9876543210  | abc@gmail.com    |
| XYZ       | X        | Main Road          | Sivakasi | TamilNadu | 626123 | 7539514560  | xyz@gmail.com    |
+-----------+----------+--------------------+----------+-----------+--------+-------------+------------------+
3 rows in set (0.07 sec)

------------------------------------------------------------------------------------------------------------

UC5: Delete a Person 

mysql> DELETE from addressbook WHERE FirstName = "ABC";
Query OK, 1 row affected (0.27 sec)

mysql> select * from addressbook;
+-----------+----------+--------------------+----------+-----------+--------+-------------+------------------+
| FirstName | LastName | Address            | City     | State     | Zip    | PhoneNumber | Email            |
+-----------+----------+--------------------+----------+-----------+--------+-------------+------------------+
| Nithya    | R        | Satchiyapuram Road | Sivakasi | TamilNadu | 626130 | 7894562130  | nithya@gmail.com |
| XYZ       | X        | Main Road          | Sivakasi | TamilNadu | 626123 | 7539514560  | xyz@gmail.com    |
+-----------+----------+--------------------+----------+-----------+--------+-------------+------------------+
2 rows in set (0.04 sec)

------------------------------------------------------------------------------------------------------------

UC6: Retrieve a Person in a database

mysql> SELECT FirstName FROM addressbook WHERE State = "TamilNadu";
+-----------+
| FirstName |
+-----------+
| Nithya    |
| XYZ       |
+-----------+
2 rows in set (0.00 sec)

------------------------------------------------------------------------------------------------------------

UC7: Understand the size of AddressBook

mysql> SELECT COUNT(City) FROM addressbook GROUP BY City;
+-------------+
| COUNT(City) |
+-------------+
|           2 |
|           1 |
|           1 |
+-------------+
3 rows in set (0.04 sec)

------------------------------------------------------------------------------------------------------------

UC8: Retrieve Sorted Entries

mysql> SELECT FirstName, LastName, City from addressbook ORDER BY FirstName;
+-----------+----------+-----------+
| FirstName | LastName | City      |
+-----------+----------+-----------+
| Nith      | V        | Bangalore |
| Nithya    | R        | Sivakasi  |
| XYZ       | X        | Sivakasi  |
| zxc       | N        | Chennai   |
+-----------+----------+-----------+
4 rows in set (0.05 sec)

------------------------------------------------------------------------------------------------------------

UC9: To identify each AddressBook with Name

mysql> UPDATE addressbook SET Type = "Family" WHERE FirstName = "Nith";
Query OK, 1 row affected (0.17 sec)
Rows matched: 1  Changed: 1  Warnings: 0

mysql> UPDATE addressbook SET Type = "Friend" WHERE FirstName = "Nithya";
Query OK, 1 row affected (0.23 sec)
Rows matched: 1  Changed: 1  Warnings: 0

mysql> UPDATE addressbook SET Type = "Bestie" WHERE FirstName = "XYZ";
Query OK, 1 row affected (0.27 sec)
Rows matched: 1  Changed: 1  Warnings: 0

mysql> select * from addressbook;
+-----------+----------+--------------------+-----------+-----------+--------+-------------+------------------+--------+
| FirstName | LastName | Address            | City      | State     | Zip    | PhoneNumber | Email            | Type   |
+-----------+----------+--------------------+-----------+-----------+--------+-------------+------------------+--------+
| Nithya    | R        | Satchiyapuram Road | Sivakasi  | TamilNadu | 626130 | 7894562130  | nithya@gmail.com | Friend |
| XYZ       | X        | Main Road          | Sivakasi  | TamilNadu | 626123 | 7539514560  | xyz@gmail.com    | Bestie |
| Nith      | V        | Vignanagara        | Bangalore | Karnataka | 626178 | 7539514560  | qwert@gmail.com  | Family |
| zxc       | N        | Egmore             | Chennai   | TamilNadu | 627894 | 7575694500  | asdf@gmail.com   | NULL   |
+-----------+----------+--------------------+-----------+-----------+--------+-------------+------------------+--------+
4 rows in set (0.02 sec)

------------------------------------------------------------------------------------------------------------

UC10: Get No of contact Persons


mysql> select COUNT(*) from addressbook GROUP BY Type;
+----------+
| COUNT(*) |
+----------+
|        1 |
|        1 |
|        1 |
|        1 |
+----------+
4 rows in set (0.04 sec)

------------------------------------------------------------------------------------------------------------

UC11: Add Person

mysql> INSERT INTO addressbook VALUES("Jona", "J", "ABC Nagar", "Mysore", "Karnataka", 627894, "1234578901", "jo@gmail.com", "Family");
Query OK, 1 row affected (0.15 sec)

mysql> INSERT INTO addressbook VALUES("Persi", "A", "AquNagar", "Sivakasi", "TamilNadu", 627824, "7539514560", "selva@gmail.com", "Friend");
Query OK, 1 row affected (0.22 sec)

mysql> select * from addressbook;
+-----------+----------+--------------------+-----------+-----------+--------+-------------+------------------+--------+
| FirstName | LastName | Address            | City      | State     | Zip    | PhoneNumber | Email            | Type   |
+-----------+----------+--------------------+-----------+-----------+--------+-------------+------------------+--------+
| Nithya    | R        | Satchiyapuram Road | Sivakasi  | TamilNadu | 626130 | 7894562130  | nithya@gmail.com | Friend |
| XYZ       | X        | Main Road          | Sivakasi  | TamilNadu | 626123 | 7539514560  | xyz@gmail.com    | Bestie |
| Nith      | V        | Vignanagara        | Bangalore | Karnataka | 626178 | 7539514560  | qwert@gmail.com  | Family |
| zxc       | N        | Egmore             | Chennai   | TamilNadu | 627894 | 7575694500  | asdf@gmail.com   | NULL   |
| Jona      | J        | ABC Nagar          | Mysore    | Karnataka | 627894 | 1234578901  | jo@gmail.com     | Family |
| Persi     | A        | AquNagar           | Sivakasi  | TamilNadu | 627824 | 7539514560  | selva@gmail.com  | Friend |
+-----------+----------+--------------------+-----------+-----------+--------+-------------+------------------+--------+
6 rows in set (0.00 sec)